{
    "trackingSystemName": "indexcontroller",
    "manufacturerName": "Valve",
    "modelNumber": "Knuckles",
    "renderModelNameLeft": "{indexcontroller}valve_controller_knu_1_0_left",
    "renderModelNameRight": "{indexcontroller}valve_controller_knu_1_0_right",
    "serialNumber": "ALVR Remote Controller",
    "ctrlTypeLeft": "knuckles",
	"ctrlTypeRight": "knuckles",
    "registeredDeviceType": "valve/index_controllerLHR-E217CD00",
    "inputProfilePath": "{indexcontroller}/input/index_controller_profile.json"
}