{
    "thumbnail" : "oculus_quest2_controller_right_thumbnail.png",
    "components": {
        "body": {
            "filename": "oculus_quest2_controller_right_body.obj",
            "component_local" : {
                "origin": [0.0, 0.0, 0.0],
                "rotate_xyz" : [0.0,0.0,0.0]
            }
        },
        "trigger": {
            "filename": "oculus_quest2_controller_right_trigger.obj",
            "motion":{
                "type":"rotate",
                "controller_axis":1,
                "controller_axis_component":0,
                "trigger_path" : "/input/trigger",
                "value_mapping": [0.0,-15.0],
                "pivot": [0.0031, -0.0287, 0.040629],
                "axis": [1.0, 0.0, 0.0]
            },
            "component_local" : {
            "origin": [-0.012068, -0.037348, 0.049628],
            "rotate_xyz" : [315.0, 0.0, 0.0]
            }
        },
        "button_a": {
            "filename": "oculus_quest2_controller_right_button_a.obj",
            "motion":{
                "type":"translate",
                "pressed_path" : "/input/a/click",
                "controller_button": 2,
                "value_mapping": [-0.0005, 0.0015],
                "axis": [0.0, -0.927, 0.375]
            },
            "component_local" : {
                "origin": [-0.012733, 0.005519, 0.061359],
                "rotate_xyz" : [53.0, 0.0, 7.0]
            }
        },
         "button_b": {
            "filename": "oculus_quest2_controller_right_button_b.obj",
            "motion":{
                "type":"translate",
                "pressed_path" : "/input/b/click",
                "controller_button": 1,
                "value_mapping": [-0.0005, 0.0015],
                "axis": [0.0, -0.927, 0.375]
            },
            "component_local" : {
                "origin": [-0.02075, -0.002683, 0.051824],
                "rotate_xyz" : [53.0, 0.0, 7.0]
            }
        },
        "thumbstick": {
            "filename": "oculus_quest2_controller_right_thumbstick.obj",
            "motion":{
                "type":"joystick",
                "controller_axis": 0,
                "center": [0.00069, -0.00769, 0.05279],
                "rotate_xyz": [0.0,0.0,0.0],
                "joystick_rotation_x": [20,-20],
                "joystick_rotation_y": [20,-20],
                 "component_path" : "/input/joystick",
                "press_translate": [0.0, -0.000927, 0.000375]
            },
            "component_local" : {
                "origin": [-0.000587, 0.001502, 0.045776],
                "rotate_xyz" : [53.0, 0.0, 7.0]
            }
        },
        "button_grip": {
            "filename": "oculus_quest2_controller_right_grip.obj",
            "motion":{
                "type":"rotate",
                "controller_axis":2,
                "controller_axis_component":0,
		        "trigger_path" : "/input/grip",
                "value_mapping": [0.0,15.0],    
                "pivot": [-0.01, 0.008, 0.075],
                "axis": [0.0, 1.0, 0.0]
            },
            "component_local" : {
                "origin": [-0.017476, -0.003904, 0.091955],
                "rotate_xyz" : [0.0, 83.0, 7.0]
            }
        },
        "button_enter": {
            "filename": "oculus_quest2_controller_right_button_menu.obj",
            "motion":{
                "type":"translate",
                "pressed_path" : "/input/system/click",
                "controller_button": 0,
                "value_mapping": [0.0, 0.00075],
                "axis": [180.0, -1.0, 0.0]
            },
            "component_local" : {
                "origin": [0.004992, 0.007487, 0.064723],
                "rotate_xyz" : [53.0, 0.0, 7.0]
            }
        },
        "status": {
            "filename": "status.obj",
            "component_local" : {
                "origin": [0.0, 0.0, 0.0],
                "rotate_xyz" : [0.0,0.0,0.0]
            },
            "visibility": {
                "default": false
            }
        },
        "base": {
            "component_local" : {
                "origin": [0.0034, -0.0034, 0.1491],
                "rotate_xyz" : [-0.4, 180.0,0.0]
            }
        },
        "tip": {
            "component_local" : {
                "origin": [-0.016694, -0.02522 ,0.024687],
                "rotate_xyz" : [-37.4,0.0,0.0]
            }
        },
        "openxr_aim": {
            "component_local" : {
                "origin": [-0.007, -0.03894766, 0.00949694],
                "rotate_xyz" : [-39.4, 0.0, 0.0]
            }
        },
        "openxr_grip": {
            "component_local" : {
                "origin": [-0.007, -0.00182941, 0.1019482],
                "rotate_xyz" : [20.6, 0.0, 0.0]
            }
        },
        "openxr_handmodel": {
            "component_local" : {
                "origin": [0.035, 0.010, 0.125],
                "rotate_xyz" : [-39.4, 0.0, 0.0]
            }
        },
        "handgrip": {
            "component_local" : {
                "origin": [0.0, 0.003, 0.097],
                "rotate_xyz" : [5.037,0.0,0.0]
             }
        },
        "grip": {
            "component_local" : {
                "origin": [0.0, 0.003, 0.097],
                "rotate_xyz" : [5.037,0.0,0.0]
             }
        }
    }
}
